vKd1AXP8e2qTlVXYa51W6,QUEUED,cee7f2b2-265b-4656-8ca7-c3a85be96553,Segments relation job created successfully. Dispatched 920 tasks in batches.,2025-11-16T21:08:47.571047
VI7cdnzZlREfmwUB34yBi,QUEUED,f44661af-a043-4136-85d0-e11cc8cb2425,Segments relation job created successfully. Dispatched 67 tasks in batches.,2025-11-16T21:08:47.571047
Iv22ZJYezCzPOnorBUzex,QUEUED,a6dd136c-9651-4807-b02d-a512f90874f5,Segments relation job created successfully. Dispatched 920 tasks in batches.,2025-11-16T21:08:47.571047
VFZmG8y2d9sywf2GVlKVJ,QUEUED,ec2fa1c2-e23d-42fe-a98e-a75330e2b58f,Segments relation job created successfully. Dispatched 67 tasks in batches.,2025-11-16T21:08:47.571047
ykeX71JmteZecSlWpnYgm,QUEUED,93a741e8-35dd-4e6e-9386-aafb87cb39af,Segments relation job created successfully. Dispatched 1 tasks in batches.,2025-11-16T21:08:47.571047
JeqyyC8EW1HWhZ3TJ6dvQ,QUEUED,1dbc34ad-0762-4767-8533-2f3ac770cb90,Segments relation job created successfully. Dispatched 2 tasks in batches.,2025-11-16T21:08:47.571047
motPP66xite9MgW9fsw9R,QUEUED,cbdf7a56-5ef0-4673-8203-6dfb798e7e7b,Segments relation job created successfully. Dispatched 1 tasks in batches.,2025-11-16T21:08:47.571047
qQDsXeJM1yvMRPY0wfucn,QUEUED,54ead813-69b4-449f-96da-4623d1cc31c8,Segments relation job created successfully. Dispatched 1 tasks in batches.,2025-11-16T21:08:47.571047
O3KMeZ27lEcbE8q5ROPyv,QUEUED,01866ed2-a951-4869-ae07-33e2c50d15ec,Segments relation job created successfully. Dispatched 1 tasks in batches.,2025-11-16T21:08:47.571047
yQBlZtJD7upa5VCkRUlzE,QUEUED,2da1a078-911f-447b-9885-62f034c003bc,Segments relation job created successfully. Dispatched 1 tasks in batches.,2025-11-16T21:08:47.571047
pXzVxrvp3uwP0TIBwd98c,QUEUED,d8879582-3f84-4982-9839-15f7d4cc4ced,Segments relation job created successfully. Dispatched 105 tasks in batches.,2025-11-16T21:08:47.571047
SzfnM7wRORA7xo5us3YVS,QUEUED,1385dd53-80ea-4ace-978e-dcc4d489679b,Segments relation job created successfully. Dispatched 67 tasks in batches.,2025-11-16T21:08:47.571047
8R35CtvJLFMNHCf2yDxof,QUEUED,1e541e45-8792-44bd-ad4f-b96c8b94ec60,Segments relation job created successfully. Dispatched 920 tasks in batches.,2025-11-16T21:08:47.571047
5ssXAhGva1sjGY4W0IF1g,QUEUED,38d45dcc-62a6-4888-88be-738f785bff23,Segments relation job created successfully. Dispatched 67 tasks in batches.,2025-11-16T21:08:47.571047
BMNYmEtm698WRYRI2g3j0,QUEUED,6e5fa542-ea34-4455-af75-70b3ad8a905c,Segments relation job created successfully. Dispatched 926 tasks in batches.,2025-11-16T21:08:47.571047
nFtxnEY5yDrAPLkMIE9o3,QUEUED,566194ae-75cb-426b-95fa-184c77df7473,Segments relation job created successfully. Dispatched 926 tasks in batches.,2025-11-16T21:08:47.571047
jYRi40gC4Im7Ew37NJ7F7,QUEUED,3dcefbb1-10e7-4ca3-9d9c-32731ede63ad,Segments relation job created successfully. Dispatched 263 tasks in batches.,2025-11-16T23:51:31.904501
